701015,03/23/2026
701050,03/23/2026
701059,03/23/2026
701078,03/23/2026
701083,03/23/2026
701114,03/23/2026
701118,03/23/2026
701120,03/23/2026
701136,03/23/2026
701140,03/23/2026
701152,03/23/2026
701153,03/23/2026
701156,03/23/2026
701162,03/23/2026
701189,03/23/2026
701235,03/23/2026
701236,03/23/2026
701275,03/23/2026
701285,03/23/2026
701297,03/23/2026
701356,03/23/2026
701364,03/23/2026
701368,03/23/2026
701379,03/23/2026
701381,03/23/2026
701383,03/23/2026
701438,03/23/2026
701445,03/23/2026
701477,03/23/2026
701773,03/23/2026
701774,03/23/2026
701823,03/23/2026
701915,03/23/2026
701948,03/23/2026
701961,03/23/2026
701962,03/23/2026
721052,03/23/2026
721067,03/23/2026
721135,03/23/2026
721136,03/23/2026
721182,03/23/2026
721376,03/23/2026
722163,03/23/2026
722716,03/23/2026
723524,03/23/2026
701007,03/23/2026
701013,03/23/2026
701033,03/23/2026
701038,03/23/2026
701040,03/23/2026
701085,03/23/2026
701099,03/23/2026
701131,03/23/2026
701172,03/23/2026
701184,03/23/2026
701194,03/23/2026
701195,03/23/2026
701197,03/23/2026
701219,03/23/2026
701224,03/23/2026
701279,03/23/2026
701291,03/23/2026
701295,03/23/2026
701301,03/23/2026
701303,03/23/2026
701309,03/23/2026
701323,03/23/2026
701340,03/23/2026
701341,03/23/2026
701342,03/23/2026
701343,03/23/2026
701344,03/23/2026
701346,03/23/2026
701347,03/23/2026
701348,03/23/2026
701350,03/23/2026
701351,03/23/2026
701357,03/23/2026
701363,03/23/2026
701393,03/23/2026
701397,03/23/2026
701442,03/23/2026
701459,03/23/2026
701527,03/23/2026
701754,03/23/2026
701758,03/23/2026
701763,03/23/2026
701764,03/23/2026
701768,03/23/2026
701771,03/23/2026
701772,03/23/2026
701780,03/23/2026
701790,03/23/2026
701796,03/23/2026
701810,03/23/2026
701811,03/23/2026
701877,03/23/2026
701890,03/23/2026
701898,03/23/2026
701930,03/23/2026
721018,03/23/2026
721142,03/23/2026
721203,03/23/2026
721204,03/23/2026
721370,03/23/2026
722103,03/23/2026
722899,03/23/2026
725195,03/23/2026
725201,03/23/2026
725686,03/23/2026
727650,03/23/2026
727807,03/23/2026
728151,03/23/2026
701002,03/23/2026
701026,03/23/2026
701028,03/23/2026
701055,03/23/2026
701095,03/23/2026
701164,03/23/2026
701167,03/23/2026
701263,03/23/2026
701288,03/23/2026
701316,03/23/2026
701317,03/23/2026
701327,03/23/2026
701339,03/23/2026
701429,03/23/2026
701757,03/23/2026
701760,03/23/2026
701761,03/23/2026
701762,03/23/2026
701791,03/23/2026
701853,03/23/2026
701899,03/23/2026
721177,03/23/2026
721210,03/23/2026
721270,03/23/2026
721412,03/23/2026
721473,03/23/2026
722303,03/23/2026
701014,03/23/2026
701053,03/23/2026
701098,03/23/2026
701149,03/23/2026
701191,03/23/2026
701192,03/23/2026
701258,03/23/2026
701266,03/23/2026
701299,03/23/2026
701318,03/23/2026
701319,03/23/2026
701320,03/23/2026
701321,03/23/2026
701329,03/23/2026
701336,03/23/2026
701345,03/23/2026
701424,03/23/2026
701439,03/23/2026
701843,03/23/2026
701999,03/23/2026
721065,03/23/2026
721189,03/23/2026
701103,03/23/2026
701126,03/23/2026
701230,03/23/2026
701850,03/23/2026
703316,03/23/2026
703318,03/23/2026
703323,03/23/2026
703334,03/23/2026
703342,03/23/2026
703724,03/23/2026
703789,03/23/2026
703808,03/23/2026
703931,03/23/2026
703994,03/23/2026
705020,03/23/2026
705069,03/23/2026
705126,03/23/2026
705161,03/23/2026
705162,03/23/2026
705165,03/23/2026
705167,03/23/2026
705188,03/23/2026
705194,03/23/2026
705208,03/23/2026
705295,03/23/2026
705373,03/23/2026
705511,03/23/2026
705799,03/23/2026
705869,03/23/2026
705871,03/23/2026
705888,03/23/2026
705897,03/23/2026
705931,03/23/2026
705942,03/23/2026
705944,03/23/2026
705949,03/23/2026
721056,03/23/2026
721967,03/23/2026
725144,03/23/2026
701252,03/23/2026
701404,03/23/2026
701698,03/23/2026
701851,03/23/2026
703723,03/23/2026
703766,03/23/2026
703820,03/23/2026
705002,03/23/2026
705012,03/23/2026
705029,03/23/2026
705054,03/23/2026
705070,03/23/2026
705138,03/23/2026
705172,03/23/2026
705334,03/23/2026
705347,03/23/2026
705404,03/23/2026
705440,03/23/2026
705443,03/23/2026
705453,03/23/2026
705481,03/23/2026
705489,03/23/2026
705641,03/23/2026
705645,03/23/2026
705851,03/23/2026
705856,03/23/2026
705890,03/23/2026
721944,03/23/2026
723832,03/23/2026
701451,03/23/2026
701848,03/23/2026
703320,03/23/2026
703422,03/23/2026
703446,03/23/2026
703448,03/23/2026
703605,03/23/2026
703609,03/23/2026
703697,03/23/2026
703725,03/23/2026
703726,03/23/2026
703732,03/23/2026
703735,03/23/2026
703736,03/23/2026
703741,03/23/2026
703743,03/23/2026
703745,03/23/2026
703746,03/23/2026
703747,03/23/2026
703748,03/23/2026
703749,03/23/2026
703755,03/23/2026
703758,03/23/2026
703759,03/23/2026
703763,03/23/2026
703765,03/23/2026
703767,03/23/2026
703773,03/23/2026
703776,03/23/2026
703777,03/23/2026
703778,03/23/2026
703784,03/23/2026
703788,03/23/2026
703791,03/23/2026
703806,03/23/2026
703810,03/23/2026
703812,03/23/2026
703814,03/23/2026
703819,03/23/2026
703821,03/23/2026
703823,03/23/2026
703824,03/23/2026
703838,03/23/2026
703842,03/23/2026
703863,03/23/2026
703981,03/23/2026
704398,03/23/2026
705019,03/23/2026
705059,03/23/2026
705067,03/23/2026
705074,03/23/2026
705077,03/23/2026
705079,03/23/2026
705088,03/23/2026
705111,03/23/2026
705114,03/23/2026
705119,03/23/2026
705122,03/23/2026
705147,03/23/2026
705150,03/23/2026
705171,03/23/2026
705228,03/23/2026
705271,03/23/2026
705282,03/23/2026
705287,03/23/2026
705332,03/23/2026
705363,03/23/2026
705450,03/23/2026
705573,03/23/2026
705630,03/23/2026
705667,03/23/2026
705735,03/23/2026
705837,03/23/2026
705854,03/23/2026
705876,03/23/2026
705878,03/23/2026
721034,03/23/2026
721083,03/23/2026
721923,03/23/2026
725082,03/23/2026
727657,03/23/2026
701004,03/23/2026
701023,03/23/2026
701067,03/23/2026
701073,03/23/2026
701074,03/23/2026
701075,03/23/2026
701216,03/23/2026
701226,03/23/2026
701240,03/23/2026
701254,03/23/2026
701296,03/23/2026
701380,03/23/2026
701628,03/23/2026
701907,03/23/2026
701911,03/23/2026
701927,03/23/2026
701953,03/23/2026
701960,03/23/2026
701978,03/23/2026
721367,03/23/2026
727883,03/23/2026
701794,03/23/2026
702821,03/23/2026
703322,03/23/2026
703734,03/23/2026
703744,03/23/2026
703750,03/23/2026
703751,03/23/2026
703787,03/23/2026
703796,03/23/2026
703797,03/23/2026
703809,03/23/2026
705003,03/23/2026
705005,03/23/2026
705006,03/23/2026
705027,03/23/2026
705066,03/23/2026
705071,03/23/2026
705102,03/23/2026
705120,03/23/2026
705142,03/23/2026
705192,03/23/2026
705265,03/23/2026
705344,03/23/2026
705457,03/23/2026
705922,03/23/2026
723843,03/23/2026
723974,03/23/2026
761003,03/23/2026
761007,03/23/2026
763495,03/23/2026
763496,03/23/2026
763582,03/23/2026
763590,03/23/2026
763593,03/23/2026
766802,03/23/2026
767670,03/23/2026
767685,03/23/2026
768221,03/23/2026
768502,03/23/2026
768612,03/23/2026
768705,03/23/2026
768707,03/23/2026
768708,03/23/2026
768720,03/23/2026
768722,03/23/2026
768727,03/23/2026
768733,03/23/2026
768742,03/23/2026
768743,03/23/2026
768754,03/23/2026
768764,03/23/2026
768766,03/23/2026
768772,03/23/2026
768810,03/23/2026
768816,03/23/2026
768819,03/23/2026
768858,03/23/2026
768876,03/23/2026
768882,03/23/2026
768883,03/23/2026
768909,03/23/2026
768925,03/23/2026
768953,03/23/2026
768977,03/23/2026
763591,03/23/2026
763592,03/23/2026
767664,03/23/2026
767690,03/23/2026
768162,03/23/2026
768503,03/23/2026
768709,03/23/2026
768732,03/23/2026
768735,03/23/2026
768769,03/23/2026
768779,03/23/2026
768785,03/23/2026
768796,03/23/2026
768804,03/23/2026
768812,03/23/2026
768828,03/23/2026
761009,03/23/2026
763577,03/23/2026
763581,03/23/2026
763595,03/23/2026
763598,03/23/2026
767669,03/23/2026
767686,03/23/2026
767688,03/23/2026
767691,03/23/2026
768104,03/23/2026
768107,03/23/2026
768212,03/23/2026
768219,03/23/2026
768387,03/23/2026
768614,03/23/2026
768701,03/23/2026
768702,03/23/2026
768704,03/23/2026
768706,03/23/2026
768710,03/23/2026
768723,03/23/2026
768726,03/23/2026
768729,03/23/2026
768740,03/23/2026
768745,03/23/2026
768746,03/23/2026
768748,03/23/2026
768749,03/23/2026
768750,03/23/2026
768752,03/23/2026
768755,03/23/2026
768759,03/23/2026
768762,03/23/2026
768763,03/23/2026
768770,03/23/2026
768771,03/23/2026
768776,03/23/2026
768780,03/23/2026
768790,03/23/2026
768794,03/23/2026
768806,03/23/2026
768807,03/23/2026
768809,03/23/2026
768813,03/23/2026
768815,03/23/2026
768818,03/23/2026
768824,03/23/2026
768825,03/23/2026
768826,03/23/2026
768831,03/23/2026
768832,03/23/2026
768864,03/23/2026
768894,03/23/2026
768906,03/23/2026
768907,03/23/2026
768936,03/23/2026
768942,03/23/2026
768943,03/23/2026
768944,03/23/2026
768947,03/23/2026
761453,03/23/2026
763575,03/23/2026
763584,03/23/2026
767687,03/23/2026
768129,03/23/2026
768220,03/23/2026
768524,03/23/2026
768712,03/23/2026
768713,03/23/2026
768714,03/23/2026
768715,03/23/2026
768725,03/23/2026
768728,03/23/2026
768773,03/23/2026
768774,03/23/2026
768775,03/23/2026
768782,03/23/2026
768786,03/23/2026
768791,03/23/2026
768793,03/23/2026
768820,03/23/2026
768821,03/23/2026
768827,03/23/2026
768830,03/23/2026
768835,03/23/2026
768837,03/23/2026
768839,03/23/2026
768840,03/23/2026
768844,03/23/2026
768887,03/23/2026
768937,03/23/2026
768941,03/23/2026
768946,03/23/2026
768948,03/23/2026
768886,03/23/2026
761833,03/23/2026
763576,03/23/2026
768211,03/23/2026
768333,03/23/2026
768681,03/23/2026
768724,03/23/2026
768734,03/23/2026
768744,03/23/2026
768823,03/23/2026
768829,03/23/2026
768843,03/23/2026
768935,03/23/2026
768940,03/23/2026
768945,03/23/2026
763494,03/23/2026
763594,03/23/2026
768105,03/23/2026
768233,03/23/2026
768513,03/23/2026
768601,03/23/2026
768717,03/23/2026
768721,03/23/2026
768736,03/23/2026
768756,03/23/2026
768761,03/23/2026
768765,03/23/2026
768767,03/23/2026
768768,03/23/2026
768777,03/23/2026
768784,03/23/2026
768795,03/23/2026
768797,03/23/2026
768817,03/23/2026
768845,03/23/2026
768846,03/23/2026
768850,03/23/2026
768860,03/23/2026
768861,03/23/2026
768871,03/23/2026
768872,03/23/2026
768879,03/23/2026
768884,03/23/2026
768890,03/23/2026
768892,03/23/2026
768908,03/23/2026
768917,03/23/2026
768918,03/23/2026
768919,03/23/2026
768923,03/23/2026
761002,03/23/2026
767673,03/23/2026
768486,03/23/2026
768753,03/23/2026
768866,03/23/2026
768867,03/23/2026
768868,03/23/2026
768869,03/23/2026
768870,03/23/2026
768873,03/23/2026
768875,03/23/2026
768913,03/23/2026
768914,03/23/2026
761005,03/23/2026
761006,03/23/2026
763493,03/23/2026
763579,03/23/2026
763597,03/23/2026
768572,03/23/2026
768738,03/23/2026
768747,03/23/2026
768781,03/23/2026
768851,03/23/2026
768852,03/23/2026
768853,03/23/2026
768854,03/23/2026
768855,03/23/2026
768856,03/23/2026
768857,03/23/2026
768863,03/23/2026
768880,03/23/2026
768903,03/23/2026
768938,03/23/2026
761008,03/23/2026
761491,03/23/2026
767667,03/23/2026
768479,03/23/2026
768792,03/23/2026
768859,03/23/2026
768862,03/23/2026
768865,03/23/2026
768874,03/23/2026
768877,03/23/2026
768878,03/23/2026
768889,03/23/2026
768893,03/23/2026
768897,03/23/2026
768901,03/23/2026
768921,03/23/2026
768922,03/23/2026
768924,03/23/2026
768926,03/23/2026
763583,03/23/2026
767668,03/23/2026
768778,03/23/2026
768808,03/23/2026
768811,03/23/2026
768822,03/23/2026
768849,03/23/2026
768888,03/23/2026
768896,03/23/2026
768904,03/23/2026
768905,03/23/2026
768910,03/23/2026
768911,03/23/2026
768916,03/23/2026
768920,03/23/2026
768930,03/23/2026
768931,03/23/2026
799817,03/23/2026
799818,03/23/2026
799829,03/23/2026
799802,03/23/2026
799230,03/23/2026
799232,03/23/2026
799275,03/23/2026
799270,03/23/2026
791403,03/23/2026
799112,03/23/2026
799410,03/23/2026
794318,03/23/2026
794331,03/23/2026
799312,03/23/2026
799320,03/23/2026
799329,03/23/2026
799983,03/23/2026
799919,03/23/2026
794323,03/23/2026
799113,03/23/2026
799118,03/23/2026
799138,03/23/2026
799140,03/23/2026
799325,03/23/2026
794350,03/23/2026
799116,03/23/2026
799136,03/23/2026
799150,03/23/2026
799162,03/23/2026
